script,original_sha256,path_replacements
h1_read_mf6_head.py,0d796ac3c802ebc5189a313a521f31b26dc80abb5fec3b52ac2f54981fb004df,1
h2a_api_flux_test.py,78732fef1dfda253cc12f51a6f5a0da73e3d5ea6ab209546144aff203b015e08,3
h2b_vic_flux_to_mf6.py,992fe7adde06c3cb7b571ee61a1f4dfe053860233d7dfb9164024f4c7cc06975,5
h3a_restart_equivalence.py,661d69b8c5ccbb076e4ea75043b8b15e2cd4ac0c9f70d3a213b820bbc1d74cfd,3
h3b_closed_loop.py,9d2adfa0a84aea5695d2bf16454e1d7baae1920a64a898b4c4f46502f48a42be,4
h3c_feedback_analysis.py,d33cf12ff330f1b6cb42146416d491b4e7044a94c21fa711c82da6c990a92422,2
h4_coupling_interval.py,521c2f36024a4c671cebe3a48a8c6cc61577bf09214d572943d3b9477da1c4b0,4
h5b_12h_restart_equivalence.py,e5628569516d66d002990423226c9a89aeba803da73d71db2d5af4430bac0019,3
h5c_subdaily_coupling.py,d1f27853494c4be47cd52ee599620834b0246822f738d086bc77e0b98d69042f,4
h6c_midpoint_10day.py,aa9d89e1a325c0bce66a7ac67eed9b0052a127a9493d8bedbcd10ee2b19c629f,4
h7a_synthetic_mapper.py,ce69c0f0a9959fa2a0777d2ad87518235119b8ab8495949556839832624f4594,1
h7b_stehekin_real_mapper.py,289d990b803770b25662a69e8772b7fa50735ee0ce55ea8079a5c88ff016fa75,2
h7c_spatial_api_12cell.py,900bfff35a7b02c77c700a2f1cf2b5969ca0033e9d46216d1f818d33d7605974,3
h7d0_spatial_head_equivalence.py,6e347dc3805d80f0c615320e87c1ad367aeed7ab2a0825195ac077e7e51a27d5,3
h7d_spatial_closed_loop.py,6e9ab783697755b6d94b99329295fcc75f92752d2c8691572ad33b984ffba8dc,4
h7e_spatial_10day_closed_loop.py,f5c54bdd4d63ef7757c9a47dfd0292889ae621232f1b4fd6f8b38b7bb7c9fb2a,4
h8a_connected_mf6_lateral.py,f2ffa417fc785bd9a73d20a3aa613a87e2649e25a2bc5472fb1fa18229894ae6,2
h8b_connected_interface_budget.py,b9c2ceb9749f70bd3f1e2e0a5f669ef678bc05be404afaa5215621f9c5635c0b,2
h8c_connected_10day_closed_loop.py,dd16dd52b6dbf8ff72883fc44e61f2a2940744d4e5c4bc8ed327a1866fb972d5,4
initial_response_surface.py,9debff991f4dec23c2fde005beb2607eb72d8592b0c8e03c1432c6089fbbdacb,3
